{
    "best_learning_rate": 0.00028183829312644534,
    "best_norm_strength": [
        0.1,
        0.1
    ],
    "results": [
        {
            "test_loss": 1.1749026775360107,
            "test_MASE": 0.6735496520996094
        }
    ]
}